{
  "meta_title": "",
  "meta_description": "",
  "sections": [
    {
      "type": "banner-slider",
      "autoplay": 8000,
      "slides": [
        {
          "start": "2021-10-14T19:34:48.984Z",
          "end": "2021-10-14T19:34:49.030Z",
          "img": "template/public/img/uploads/banner_tsuru_mercearia_brasilia_asa_norte_kfood.fw.png"
        }
      ]
    },
    {
      "type": "info-bar",
      "enabled": true
    },
    {
      "type": "collection-shelf",
      "shuffle": true,
      "collection_id": null,
      "limit": 12,
      "page": 1
    },
    {
      "type": "page-title",
      "title": "Tsuru Mercearia Oriental",
      "description": "Loja On-Line de Produtos Orientais - Entrega Rápida para todo DF"
    }
  ]
}